{
  "step": 300000,
  "num_samples": 50000,
  "fid_scores": {
    "1": 360.22363329791006,
    "2": 167.1068062239337,
    "5": 35.583358920464434,
    "10": 14.579900863819603,
    "25": 8.188498009111754,
    "50": 6.346338236162524,
    "100": 5.393293053064383
  }
}